# x_m,y_m,w_tr_right_m,w_tr_left_m,z_m
# Red Bull Ring (Spielberg, AT). Sources: see data/tracks/SOURCES.md
# name Red Bull Ring
# DRS zones in lap distance from the line (main straight, T1->T3 climb, T3->T4)
# aero_zone 4190 420
# aero_zone 600 1360
# aero_zone 1700 2160
-1.208,-0.935,6.167,5.970,0.022
-6.034,-2.232,6.159,5.963,0.041
-10.860,-3.529,6.151,5.957,0.077
-15.686,-4.826,6.143,5.951,0.131
-20.512,-6.123,6.135,5.945,0.204
-25.338,-7.421,6.127,5.938,0.292
-30.164,-8.718,6.119,5.932,0.383
-34.990,-10.015,6.111,5.926,0.473
-39.816,-11.312,6.103,5.920,0.561
-44.641,-12.610,6.095,5.913,0.640
-49.467,-13.907,6.087,5.907,0.719
-54.293,-15.205,6.079,5.901,0.793
-59.118,-16.502,6.071,5.895,0.857
-63.944,-17.800,6.063,5.888,0.896
-68.770,-19.098,6.056,5.882,0.909
-73.595,-20.396,6.048,5.876,0.889
-78.420,-21.693,6.040,5.869,0.856
-83.246,-22.991,6.032,5.863,0.805
-88.071,-24.289,6.024,5.857,0.741
-92.897,-25.587,6.016,5.851,0.677
-97.722,-26.886,6.008,5.844,0.613
-102.547,-28.184,6.000,5.838,0.549
-107.372,-29.482,5.992,5.832,0.494
-112.198,-30.780,5.984,5.826,0.473
-117.023,-32.079,5.976,5.819,0.486
-121.848,-33.377,5.968,5.813,0.538
-126.673,-34.675,5.960,5.807,0.611
-131.498,-35.974,5.952,5.801,0.703
-136.323,-37.272,5.945,5.794,0.811
-141.148,-38.571,5.937,5.788,0.920
-145.974,-39.869,5.929,5.782,1.028
-150.799,-41.168,5.921,5.776,1.136
-155.624,-42.467,5.913,5.769,1.243
-160.449,-43.765,5.905,5.763,1.341
-165.274,-45.064,5.897,5.757,1.428
-170.099,-46.363,5.889,5.751,1.492
-174.924,-47.661,5.881,5.744,1.504
-179.749,-48.960,5.873,5.738,1.466
-184.574,-50.259,5.865,5.732,1.397
-189.400,-51.557,5.857,5.726,1.328
-194.225,-52.856,5.849,5.719,1.259
-199.050,-54.155,5.841,5.713,1.190
-203.875,-55.453,5.833,5.707,1.121
-208.701,-56.752,5.826,5.701,1.052
-213.526,-58.051,5.818,5.694,0.986
-218.351,-59.350,5.810,5.688,0.926
-223.177,-60.648,5.802,5.682,0.888
-228.002,-61.947,5.794,5.676,0.871
-232.827,-63.246,5.786,5.669,0.874
-237.653,-64.544,5.778,5.663,0.900
-242.478,-65.843,5.770,5.657,0.948
-247.304,-67.142,5.762,5.651,1.002
-252.130,-68.440,5.754,5.644,1.077
-256.955,-69.739,5.746,5.638,1.171
-261.781,-71.037,5.738,5.632,1.283
-266.607,-72.336,5.730,5.626,1.411
-271.433,-73.634,5.722,5.619,1.555
-276.258,-74.933,5.715,5.613,1.713
-281.084,-76.231,5.707,5.607,1.884
-285.910,-77.529,5.699,5.601,2.057
-290.737,-78.828,5.691,5.594,2.236
-295.563,-80.126,5.683,5.588,2.426
-300.389,-81.424,5.675,5.582,2.631
-305.215,-82.722,5.667,5.576,2.851
-310.042,-84.020,5.659,5.569,3.089
-314.868,-85.318,5.651,5.563,3.338
-319.694,-86.616,5.643,5.557,3.602
-324.520,-87.914,5.635,5.551,3.885
-329.345,-89.211,5.627,5.544,4.190
-334.170,-90.509,5.619,5.538,4.515
-338.995,-91.806,5.611,5.532,4.859
-343.819,-93.103,5.604,5.525,5.228
-348.642,-94.400,5.596,5.519,5.631
-353.465,-95.696,5.588,5.513,6.073
-358.287,-96.992,5.580,5.507,6.552
-363.108,-98.288,5.572,5.500,7.066
-367.928,-99.584,5.564,5.494,7.612
-372.748,-100.880,5.556,5.488,8.187
-377.570,-102.178,5.548,5.482,8.769
-382.397,-103.478,5.540,5.475,9.350
-387.231,-104.783,5.532,5.469,9.924
-392.073,-106.094,5.524,5.463,10.491
-396.927,-107.412,5.516,5.457,11.050
-401.791,-108.736,5.508,5.450,11.598
-406.607,-110.020,5.500,5.444,12.123
-411.292,-111.200,5.493,5.438,12.612
-416.006,-112.460,5.485,5.432,13.061
-420.996,-113.989,5.477,5.425,13.471
-426.088,-115.261,5.469,5.427,13.841
-431.004,-115.571,5.532,6.131,14.175
-435.492,-114.316,6.383,6.838,14.474
-439.468,-111.628,6.234,6.968,14.750
-442.924,-107.960,6.002,6.835,15.012
-445.855,-103.764,5.848,6.062,15.263
-448.317,-99.384,6.133,5.602,15.501
-450.502,-94.917,6.052,5.563,15.727
-452.622,-90.434,5.884,5.623,15.939
-454.847,-85.991,5.716,5.684,16.140
-457.203,-81.599,5.595,5.651,16.333
-459.677,-77.259,5.529,5.513,16.519
-462.260,-72.971,5.455,5.410,16.699
-464.939,-68.737,5.351,5.422,16.871
-467.704,-64.555,5.271,5.411,17.029
-470.543,-60.428,5.241,5.350,17.168
-473.444,-56.352,5.316,5.349,17.290
-476.392,-52.315,5.656,5.499,17.394
-479.373,-48.306,5.739,5.513,17.480
-482.372,-44.314,5.677,5.452,17.549
-485.374,-40.326,5.616,5.391,17.599
-488.365,-36.329,5.546,5.386,17.640
-491.329,-32.314,5.465,5.458,17.672
-494.262,-28.274,5.383,5.529,17.695
-497.169,-24.213,5.301,5.600,17.712
-500.055,-20.138,5.220,5.672,17.721
-502.928,-16.051,5.138,5.743,17.723
-505.794,-11.959,5.056,5.814,17.722
-508.659,-7.866,4.974,5.886,17.724
-511.527,-3.776,5.247,5.587,17.724
-514.401,0.311,5.521,5.287,17.727
-517.279,4.395,5.622,5.173,17.733
-520.162,8.476,5.605,5.186,17.739
-523.049,12.553,5.588,5.200,17.746
-525.939,16.629,5.572,5.213,17.752
-528.833,20.702,5.555,5.226,17.760
-531.729,24.772,5.538,5.240,17.768
-534.629,28.841,5.521,5.253,17.776
-537.531,32.908,5.505,5.266,17.780
-540.435,36.974,5.488,5.280,17.783
-543.341,41.038,5.471,5.293,17.784
-546.249,45.101,5.454,5.306,17.780
-549.158,49.164,5.437,5.320,17.772
-552.068,53.226,5.421,5.333,17.757
-554.978,57.287,5.404,5.346,17.738
-557.889,61.349,5.387,5.360,17.719
-560.800,65.410,5.370,5.373,17.700
-563.710,69.472,5.354,5.386,17.681
-566.621,73.534,5.337,5.400,17.662
-569.530,77.597,5.320,5.413,17.643
-572.438,81.661,5.303,5.426,17.624
-575.344,85.726,5.281,5.458,17.612
-578.249,89.792,5.256,5.495,17.605
-581.152,93.860,5.232,5.533,17.604
-584.052,97.930,5.207,5.570,17.611
-586.950,102.002,5.183,5.608,17.634
-589.844,106.077,5.158,5.645,17.673
-592.727,110.158,5.134,5.683,17.722
-595.589,114.253,5.109,5.720,17.783
-598.421,118.368,5.085,5.758,17.864
-601.212,122.508,5.060,5.795,17.961
-603.953,126.680,5.036,5.832,18.068
-606.634,130.890,5.012,5.859,18.185
-609.248,135.142,4.994,5.833,18.302
-611.801,139.432,4.976,5.806,18.421
-614.303,143.754,4.957,5.780,18.536
-616.763,148.102,4.939,5.754,18.651
-619.190,152.470,4.920,5.728,18.761
-621.595,156.852,4.902,5.701,18.861
-623.988,161.241,4.883,5.675,18.949
-626.374,165.633,4.865,5.649,19.028
-628.753,170.028,4.846,5.623,19.100
-631.126,174.427,4.828,5.596,19.151
-633.492,178.830,4.810,5.570,19.188
-635.848,183.236,4.791,5.544,19.216
-638.196,187.648,4.773,5.518,19.235
-640.533,192.064,4.754,5.491,19.264
-642.859,196.486,4.736,5.465,19.306
-645.174,200.913,4.740,5.447,19.360
-647.476,205.348,4.754,5.432,19.419
-649.764,209.788,4.769,5.417,19.477
-652.039,214.236,4.783,5.403,19.536
-654.298,218.692,4.797,5.388,19.600
-656.542,223.155,4.811,5.373,19.675
-658.770,227.626,4.825,5.358,19.757
-660.984,232.104,4.839,5.343,19.849
-663.185,236.589,4.853,5.328,19.961
-665.372,241.081,4.867,5.314,20.094
-667.547,245.579,4.881,5.299,20.245
-669.711,250.082,4.895,5.284,20.405
-671.864,254.591,4.909,5.269,20.564
-674.007,259.105,4.923,5.254,20.724
-676.140,263.624,4.937,5.239,20.877
-678.265,268.147,4.951,5.233,21.035
-680.382,272.673,4.965,5.231,21.191
-682.491,277.204,4.980,5.230,21.344
-684.595,281.737,4.994,5.228,21.491
-686.692,286.273,5.008,5.226,21.642
-688.785,290.812,5.022,5.225,21.796
-690.873,295.353,5.036,5.223,21.938
-692.958,299.895,5.050,5.221,22.065
-695.040,304.438,5.064,5.219,22.179
-697.120,308.983,5.078,5.218,22.277
-699.199,313.528,5.093,5.216,22.371
-701.277,318.073,5.107,5.214,22.465
-703.355,322.618,5.121,5.213,22.567
-705.434,327.163,5.135,5.211,22.676
-707.514,331.706,5.149,5.209,22.797
-709.597,336.248,5.163,5.208,22.925
-711.683,340.789,5.177,5.206,23.061
-713.773,345.327,5.191,5.204,23.202
-715.864,349.864,5.206,5.202,23.349
-717.956,354.401,5.220,5.201,23.502
-720.044,358.940,5.234,5.199,23.664
-722.128,363.480,5.248,5.197,23.834
-724.205,368.024,5.262,5.196,24.012
-726.271,372.572,5.276,5.194,24.197
-728.328,377.125,5.290,5.192,24.397
-730.386,381.678,5.305,5.191,24.616
-732.459,386.224,5.319,5.189,24.850
-734.562,390.757,5.333,5.187,25.100
-736.707,395.271,5.347,5.185,25.371
-738.908,399.759,5.351,5.204,25.660
-741.181,404.214,5.346,5.238,25.960
-743.540,408.628,5.351,5.277,26.273
-746.005,412.979,5.359,5.311,26.595
-748.596,417.249,5.360,5.306,26.927
-751.330,421.419,5.360,5.300,27.272
-754.178,425.507,5.364,5.402,27.629
-757.068,429.570,5.370,5.459,27.990
-759.928,433.663,5.377,5.467,28.347
-762.722,437.812,5.384,5.476,28.704
-765.472,441.998,5.391,5.484,29.064
-768.205,446.200,5.398,5.493,29.428
-770.947,450.397,5.406,5.501,29.794
-773.724,454.565,5.413,5.509,30.165
-776.564,458.683,5.421,5.512,30.538
-779.487,462.733,5.435,5.467,30.917
-782.495,466.715,5.450,5.422,31.307
-785.579,470.634,5.465,5.378,31.711
-788.734,474.496,5.498,5.328,32.129
-791.952,478.306,5.558,5.270,32.560
-795.228,482.069,5.617,5.213,33.005
-798.553,485.791,5.676,5.155,33.464
-801.921,489.478,5.689,5.143,33.932
-805.326,493.134,5.683,5.149,34.405
-808.760,496.766,5.677,5.156,34.884
-812.217,500.378,5.671,5.162,35.370
-815.690,503.976,5.665,5.169,35.862
-819.173,507.566,5.659,5.175,36.358
-822.657,511.152,5.653,5.182,36.857
-826.141,514.739,5.647,5.189,37.356
-829.623,518.326,5.641,5.195,37.856
-833.103,521.914,5.635,5.202,38.362
-836.582,525.501,5.630,5.208,38.877
-840.061,529.088,5.624,5.215,39.405
-843.539,532.675,5.618,5.221,39.941
-847.018,536.261,5.612,5.228,40.481
-850.496,539.847,5.606,5.234,41.024
-853.976,543.432,5.600,5.241,41.570
-857.456,547.015,5.594,5.248,42.120
-860.937,550.597,5.588,5.254,42.677
-864.420,554.178,5.582,5.261,43.241
-867.905,557.757,5.576,5.267,43.819
-871.393,561.334,5.570,5.274,44.412
-874.883,564.909,5.564,5.280,45.014
-878.375,568.481,5.558,5.287,45.618
-881.872,572.050,5.552,5.293,46.222
-885.372,575.616,5.546,5.300,46.820
-888.877,579.178,5.540,5.307,47.417
-892.386,582.736,5.535,5.313,48.021
-895.900,586.290,5.529,5.320,48.634
-899.420,589.838,5.524,5.327,49.256
-902.945,593.381,5.518,5.333,49.889
-906.477,596.918,5.512,5.340,50.526
-910.016,600.449,5.507,5.347,51.162
-913.561,603.973,5.501,5.354,51.793
-917.114,607.491,5.496,5.360,52.415
-920.674,611.002,5.490,5.367,53.033
-924.236,614.510,5.485,5.374,53.646
-927.795,618.018,5.479,5.380,54.257
-931.346,621.531,5.474,5.387,54.874
-934.885,625.052,5.467,5.394,55.500
-938.405,628.586,5.379,5.418,56.135
-941.902,632.135,5.291,5.441,56.775
-945.353,635.729,5.407,5.368,57.416
-948.703,639.436,5.521,5.306,58.043
-951.898,643.329,5.185,5.512,58.619
-954.773,647.474,5.099,5.561,59.151
-956.854,651.926,5.181,5.511,59.639
-957.610,656.738,5.305,5.435,60.083
-956.584,661.739,5.056,5.500,60.486
-953.712,665.613,5.165,5.730,60.849
-949.214,667.161,5.530,5.549,61.170
-944.067,667.553,5.473,5.540,61.453
-939.012,667.971,5.473,5.479,61.694
-934.054,668.490,5.473,5.418,61.892
-929.134,669.090,5.439,5.431,62.035
-924.208,669.749,5.403,5.450,62.124
-919.272,670.444,5.367,5.468,62.175
-914.325,671.154,5.331,5.487,62.224
-909.370,671.856,5.295,5.506,62.272
-904.407,672.525,5.259,5.525,62.318
-899.439,673.141,5.222,5.544,62.362
-894.465,673.679,5.186,5.563,62.388
-889.487,674.129,5.198,5.560,62.396
-884.506,674.496,5.226,5.550,62.383
-879.521,674.789,5.254,5.539,62.342
-874.534,675.015,5.282,5.529,62.272
-869.544,675.181,5.310,5.519,62.184
-864.551,675.296,5.339,5.508,62.096
-859.557,675.368,5.324,5.538,62.008
-854.562,675.402,5.293,5.584,61.919
-849.565,675.409,5.262,5.629,61.828
-844.568,675.394,5.231,5.675,61.727
-839.570,675.366,5.294,5.617,61.616
-834.572,675.333,5.403,5.507,61.495
-829.575,675.302,5.513,5.397,61.377
-824.579,675.280,5.622,5.287,61.261
-819.583,675.269,5.731,5.178,61.147
-814.588,675.267,5.688,5.223,61.035
-809.593,675.272,5.589,5.325,60.925
-804.598,675.282,5.490,5.427,60.804
-799.603,675.296,5.391,5.529,60.665
-794.607,675.311,5.308,5.612,60.507
-789.611,675.324,5.294,5.616,60.327
-784.615,675.319,5.280,5.620,60.127
-779.620,675.277,5.265,5.624,59.918
-774.628,675.178,5.251,5.628,59.698
-769.638,675.004,5.284,5.596,59.468
-764.652,674.734,5.348,5.540,59.228
-759.671,674.351,5.413,5.483,58.981
-754.695,673.852,5.477,5.427,58.725
-749.722,673.288,5.510,5.389,58.460
-744.751,672.720,5.497,5.376,58.184
-739.780,672.206,5.484,5.364,57.900
-734.808,671.757,5.471,5.352,57.608
-729.833,671.340,5.457,5.340,57.307
-724.854,670.920,5.444,5.327,57.002
-719.875,670.460,5.431,5.315,56.702
-714.903,669.920,5.390,5.331,56.410
-709.950,669.260,5.336,5.352,56.126
-705.019,668.460,5.253,5.383,55.850
-700.105,667.558,5.242,5.399,55.584
-695.201,666.602,5.260,5.408,55.331
-690.298,665.633,5.278,5.418,55.092
-685.396,664.663,5.297,5.427,54.866
-680.494,663.692,5.315,5.437,54.656
-675.593,662.720,5.333,5.446,54.461
-670.691,661.747,5.352,5.456,54.283
-665.790,660.774,5.370,5.465,54.122
-660.889,659.799,5.389,5.475,53.978
-655.988,658.824,5.407,5.484,53.836
-651.088,657.848,5.425,5.494,53.696
-646.187,656.873,5.444,5.503,53.556
-641.287,655.896,5.462,5.513,53.415
-636.386,654.920,5.480,5.522,53.263
-631.486,653.944,5.499,5.532,53.097
-626.585,652.968,5.517,5.542,52.918
-621.684,651.993,5.535,5.551,52.725
-616.784,651.017,5.554,5.561,52.528
-611.883,650.043,5.572,5.570,52.338
-606.982,649.069,5.590,5.580,52.152
-602.081,648.095,5.609,5.589,51.968
-597.179,647.123,5.627,5.599,51.779
-592.278,646.152,5.645,5.608,51.576
-587.376,645.182,5.664,5.618,51.360
-582.474,644.213,5.682,5.627,51.132
-577.571,643.245,5.700,5.637,50.893
-572.668,642.280,5.719,5.646,50.663
-567.765,641.315,5.737,5.649,50.442
-562.861,640.353,5.757,5.643,50.233
-557.957,639.393,5.777,5.637,50.036
-553.052,638.434,5.796,5.631,49.842
-548.147,637.477,5.816,5.625,49.644
-543.242,636.521,5.835,5.619,49.443
-538.336,635.567,5.855,5.613,49.247
-533.431,634.613,5.875,5.607,49.067
-528.525,633.661,5.894,5.601,48.913
-523.619,632.709,5.914,5.595,48.784
-518.713,631.757,5.933,5.589,48.680
-513.807,630.806,5.953,5.583,48.599
-508.902,629.854,5.972,5.577,48.529
-503.996,628.903,5.992,5.571,48.471
-499.091,627.951,6.012,5.565,48.426
-494.186,626.998,6.031,5.559,48.393
-489.282,626.045,6.051,5.553,48.368
-484.377,625.094,6.070,5.547,48.353
-479.472,624.148,6.090,5.541,48.346
-474.565,623.209,6.109,5.535,48.342
-469.657,622.279,6.129,5.529,48.337
-464.747,621.362,6.149,5.523,48.328
-459.834,620.460,6.168,5.517,48.316
-454.918,619.575,6.188,5.511,48.304
-449.999,618.710,6.207,5.505,48.292
-445.075,617.867,6.227,5.499,48.259
-440.147,617.049,6.151,5.538,48.203
-435.213,616.259,6.046,5.591,48.131
-430.274,615.500,5.941,5.644,48.043
-425.329,614.773,5.837,5.697,47.946
-420.379,614.078,5.732,5.750,47.838
-415.423,613.417,5.628,5.803,47.720
-410.463,612.789,5.523,5.856,47.592
-405.500,612.194,5.419,5.909,47.448
-400.534,611.631,5.549,5.858,47.290
-395.566,611.102,5.829,5.742,47.118
-390.596,610.605,6.109,5.626,46.929
-385.625,610.140,6.389,5.510,46.721
-380.652,609.706,6.233,5.488,46.515
-375.676,609.302,6.066,5.469,46.312
-370.699,608.927,5.898,5.451,46.106
-365.719,608.581,5.731,5.432,45.894
-360.736,608.262,5.684,5.424,45.674
-355.750,607.969,5.667,5.418,45.446
-350.763,607.700,5.651,5.413,45.209
-345.773,607.451,5.634,5.408,44.963
-340.781,607.220,5.617,5.403,44.711
-335.787,607.005,5.600,5.398,44.452
-330.793,606.803,5.584,5.392,44.187
-325.797,606.611,5.567,5.387,43.918
-320.801,606.427,5.550,5.382,43.652
-315.805,606.248,5.534,5.377,43.390
-310.809,606.071,5.517,5.371,43.133
-305.812,605.894,5.500,5.366,42.879
-300.817,605.714,5.483,5.361,42.629
-295.823,605.529,5.467,5.356,42.382
-290.829,605.336,5.450,5.350,42.138
-285.837,605.134,5.433,5.345,41.897
-280.846,604.924,5.417,5.340,41.653
-275.856,604.707,5.400,5.335,41.405
-270.866,604.484,5.383,5.329,41.154
-265.876,604.256,5.367,5.324,40.900
-260.887,604.022,5.350,5.319,40.649
-255.897,603.785,5.341,5.314,40.400
-250.907,603.545,5.357,5.310,40.153
-245.917,603.302,5.373,5.306,39.909
-240.925,603.057,5.389,5.302,39.665
-235.933,602.812,5.405,5.298,39.416
-230.940,602.566,5.421,5.294,39.163
-225.945,602.321,5.438,5.290,38.905
-220.948,602.078,5.454,5.286,38.643
-215.952,601.842,5.470,5.282,38.385
-210.956,601.619,5.486,5.278,38.130
-205.961,601.414,5.502,5.274,37.877
-200.970,601.232,5.518,5.270,37.622
-195.983,601.078,5.534,5.266,37.372
-191.001,600.958,5.494,5.258,37.117
-186.027,600.819,5.403,5.246,36.850
-181.064,600.491,5.232,5.346,36.564
-176.116,599.792,4.884,5.694,36.258
-171.228,598.553,5.046,5.486,35.955
-166.588,596.652,5.271,5.237,35.652
-162.417,593.978,5.259,5.360,35.346
-158.928,590.453,5.075,5.464,35.034
-156.278,586.234,4.973,5.470,34.712
-154.608,581.568,4.997,5.555,34.379
-154.054,576.702,5.081,5.450,34.041
-154.611,571.821,5.223,5.229,33.710
-155.996,566.995,5.375,5.242,33.369
-157.899,562.281,5.304,5.346,33.029
-160.061,557.719,5.113,5.498,32.697
-162.417,553.300,5.182,5.478,32.377
-164.942,549.002,5.284,5.468,32.073
-167.611,544.805,5.300,5.580,31.765
-170.399,540.689,5.398,5.491,31.458
-173.281,536.631,5.521,5.337,31.156
-176.231,532.612,5.527,5.316,30.864
-179.234,528.620,5.459,5.381,30.585
-182.292,524.662,5.409,5.442,30.322
-185.410,520.745,5.397,5.497,30.071
-188.591,516.878,5.386,5.552,29.826
-191.841,513.070,5.368,5.567,29.585
-195.163,509.329,5.347,5.566,29.346
-198.562,505.663,5.326,5.565,29.113
-202.042,502.082,5.334,5.547,28.888
-205.608,498.592,5.374,5.512,28.673
-209.264,495.203,5.344,5.555,28.473
-213.013,491.924,5.274,5.646,28.286
-216.862,488.761,5.228,5.707,28.110
-220.813,485.725,5.287,5.636,27.946
-224.870,482.823,5.347,5.565,27.792
-229.029,480.052,5.406,5.497,27.649
-233.277,477.407,5.453,5.463,27.517
-237.604,474.878,5.499,5.428,27.404
-241.996,472.458,5.546,5.394,27.309
-246.443,470.139,5.499,5.406,27.229
-250.934,467.914,5.435,5.426,27.162
-255.457,465.777,5.372,5.447,27.107
-260.013,463.734,5.254,5.546,27.062
-264.606,461.801,5.048,5.772,27.029
-269.240,459.990,5.014,5.794,27.012
-273.919,458.313,5.105,5.687,27.012
-278.647,456.785,5.297,5.521,27.029
-283.428,455.419,5.434,5.413,27.064
-288.264,454.220,5.544,5.334,27.116
-293.146,453.171,5.646,5.261,27.197
-298.066,452.247,5.584,5.345,27.300
-303.014,451.425,5.523,5.429,27.424
-307.981,450.680,5.536,5.430,27.570
-312.957,449.989,5.576,5.401,27.731
-317.933,449.327,5.538,5.440,27.906
-322.902,448.690,5.353,5.602,28.097
-327.866,448.112,5.169,5.764,28.300
-332.825,447.629,5.121,5.790,28.509
-337.782,447.279,5.168,5.720,28.710
-342.737,447.102,5.217,5.652,28.900
-347.692,447.134,5.304,5.595,29.079
-352.648,447.404,5.393,5.533,29.247
-357.606,447.883,5.549,5.299,29.392
-362.566,448.515,5.704,5.064,29.516
-367.529,449.246,5.744,4.988,29.618
-372.494,450.021,5.695,5.035,29.685
-377.462,450.785,5.645,5.081,29.736
-382.434,451.482,5.595,5.128,29.772
-387.409,452.075,5.546,5.174,29.794
-392.384,452.586,5.496,5.221,29.798
-397.358,453.049,5.446,5.267,29.788
-402.328,453.501,5.397,5.314,29.774
-407.290,453.978,5.347,5.360,29.762
-412.243,454.516,5.297,5.407,29.775
-417.184,455.150,5.248,5.453,29.807
-422.112,455.899,5.198,5.500,29.853
-427.029,456.746,5.194,5.506,29.914
-431.938,457.670,5.210,5.497,29.987
-436.841,458.650,5.226,5.487,30.085
-441.742,459.664,5.242,5.477,30.190
-446.643,460.692,5.258,5.467,30.302
-451.547,461.712,5.273,5.457,30.418
-456.453,462.714,5.289,5.447,30.536
-461.361,463.705,5.305,5.437,30.654
-466.267,464.688,5.321,5.427,30.771
-471.169,465.672,5.337,5.417,30.888
-476.064,466.660,5.352,5.407,30.980
-480.951,467.659,5.368,5.397,31.064
-485.828,468.672,5.384,5.387,31.133
-490.700,469.687,5.388,5.367,31.189
-495.575,470.689,5.380,5.337,31.232
-500.458,471.664,5.373,5.307,31.265
-505.358,472.597,5.366,5.277,31.289
-510.280,473.474,5.358,5.389,31.307
-515.232,474.279,5.407,5.505,31.309
-520.214,474.992,5.597,5.361,31.295
-525.215,475.573,5.787,5.217,31.277
-530.223,475.983,5.744,5.493,31.252
-535.225,476.182,5.591,5.785,31.220
-540.208,476.131,5.475,5.822,31.179
-545.160,475.788,5.619,5.515,31.113
-550.067,475.115,5.583,5.445,31.031
-554.915,474.095,5.537,5.383,30.932
-559.690,472.742,5.583,5.194,30.816
-564.375,471.070,5.618,5.021,30.679
-568.955,469.094,5.398,5.210,30.529
-573.413,466.830,5.505,5.143,30.367
-577.735,464.293,5.713,4.998,30.202
-581.904,461.496,5.624,5.098,30.035
-585.897,458.453,5.338,5.363,29.855
-589.690,455.171,5.051,5.628,29.662
-593.255,451.659,5.110,5.471,29.456
-596.566,447.927,5.185,5.293,29.241
-599.597,443.982,5.458,5.025,29.023
-602.322,439.835,5.649,4.813,28.804
-604.722,435.498,5.518,4.794,28.583
-606.797,430.993,5.375,4.967,28.361
-608.550,426.344,5.286,5.143,28.139
-609.983,421.574,5.291,5.184,27.906
-611.099,416.706,5.301,5.271,27.660
-611.901,411.764,5.305,5.363,27.400
-612.390,406.771,5.296,5.424,27.128
-612.570,401.751,5.289,5.402,26.845
-612.442,396.727,5.284,5.333,26.550
-612.010,391.722,5.297,5.251,26.244
-611.276,386.760,5.296,5.215,25.922
-610.242,381.865,5.271,5.263,25.585
-608.910,377.059,5.379,5.185,25.231
-607.286,372.365,5.579,5.021,24.861
-605.399,367.780,5.567,5.108,24.474
-603.297,363.283,5.515,5.244,24.071
-601.031,358.852,5.507,5.247,23.660
-598.652,354.466,5.501,5.243,23.245
-596.208,350.102,5.495,5.240,22.828
-593.750,345.740,5.489,5.237,22.410
-591.323,341.359,5.483,5.234,21.994
-588.932,336.959,5.478,5.230,21.582
-586.565,332.547,5.472,5.227,21.176
-584.210,328.130,5.466,5.224,20.776
-581.854,323.716,5.460,5.220,20.380
-579.486,319.312,5.454,5.217,19.990
-577.093,314.925,5.448,5.214,19.606
-574.665,310.561,5.443,5.211,19.228
-572.205,306.218,5.437,5.207,18.856
-569.718,301.892,5.431,5.204,18.487
-567.209,297.580,5.422,5.205,18.120
-564.683,293.278,5.381,5.245,17.755
-562.147,288.981,5.340,5.286,17.393
-559.604,284.687,5.299,5.326,17.032
-557.060,280.392,5.258,5.367,16.672
-554.521,276.091,5.218,5.407,16.313
-551.991,271.782,5.177,5.448,15.954
-549.476,267.460,5.136,5.488,15.600
-546.981,263.122,5.095,5.529,15.259
-544.511,258.763,5.054,5.569,14.928
-542.071,254.381,5.013,5.610,14.608
-539.651,249.984,4.972,5.650,14.300
-537.217,245.597,4.932,5.691,14.006
-534.735,241.247,4.891,5.731,13.724
-532.171,236.959,5.072,5.545,13.455
-529.490,232.761,5.431,5.180,13.199
-526.659,228.677,5.789,4.814,12.956
-523.644,224.736,5.770,4.880,12.727
-520.429,220.958,5.660,5.051,12.511
-517.013,217.366,5.662,5.040,12.309
-513.396,213.979,5.701,4.966,12.117
-509.577,210.817,5.692,4.956,11.934
-505.554,207.902,5.492,5.189,11.765
-501.327,205.253,5.292,5.422,11.614
-496.904,202.889,5.301,5.416,11.480
-492.313,200.829,5.491,5.202,11.362
-487.585,199.088,5.681,4.988,11.258
-482.753,197.683,5.558,5.120,11.169
-477.848,196.631,5.388,5.305,11.093
-472.901,195.949,5.260,5.447,11.030
-467.943,195.652,5.579,5.150,10.979
-462.996,195.738,5.897,4.852,10.942
-458.069,196.174,5.866,4.896,10.918
-453.168,196.926,5.663,5.108,10.908
-448.301,197.960,5.465,5.314,10.908
-443.475,199.244,5.418,5.345,10.922
-438.698,200.742,5.371,5.376,10.975
-433.978,202.424,5.344,5.377,11.061
-429.347,204.314,5.386,5.278,11.172
-424.855,206.476,5.432,5.176,11.300
-420.555,208.980,5.688,4.936,11.445
-416.490,211.871,5.509,5.149,11.602
-412.670,215.105,5.074,5.627,11.766
-409.099,218.613,5.222,5.486,11.932
-405.772,222.327,5.388,5.316,12.109
-402.651,226.198,5.557,5.132,12.286
-399.676,230.184,5.573,5.066,12.460
-396.790,234.244,5.354,5.180,12.632
-393.933,238.337,5.261,5.288,12.803
-391.048,242.421,5.263,5.380,12.934
-388.076,246.456,5.102,5.427,13.034
-384.965,250.399,4.941,5.473,13.112
-381.700,254.210,5.141,5.321,13.174
-378.272,257.847,5.367,5.184,13.222
-374.674,261.269,5.502,5.156,13.261
-370.919,264.486,5.440,5.254,13.293
-367.054,267.579,5.081,5.543,13.328
-363.126,270.631,4.949,5.674,13.350
-359.168,273.698,5.024,5.661,13.377
-355.176,276.756,5.229,5.501,13.407
-351.139,279.774,5.488,5.277,13.439
-347.048,282.718,5.573,5.195,13.464
-342.892,285.554,5.632,5.135,13.489
-338.662,288.249,5.606,5.168,13.512
-334.347,290.770,5.509,5.278,13.533
-329.945,293.100,5.399,5.390,13.554
-325.460,295.246,5.245,5.510,13.573
-320.900,297.214,5.090,5.629,13.590
-316.270,299.014,4.971,5.727,13.605
-311.578,300.653,4.941,5.770,13.619
-306.829,302.138,4.912,5.813,13.634
-302.030,303.478,4.961,5.785,13.643
-297.188,304.681,5.138,5.639,13.648
-292.308,305.753,5.315,5.494,13.652
-287.398,306.704,5.492,5.349,13.657
-282.464,307.542,5.518,5.335,13.661
-277.512,308.273,5.392,5.453,13.674
-272.548,308.906,5.266,5.570,13.695
-267.578,309.449,5.203,5.622,13.725
-262.603,309.916,5.382,5.423,13.761
-257.624,310.318,5.560,5.224,13.802
-252.642,310.668,5.739,5.026,13.845
-247.658,310.979,5.618,5.144,13.890
-242.672,311.262,5.414,5.351,13.938
-237.686,311.531,5.210,5.558,13.997
-232.699,311.793,5.037,5.734,14.066
-227.713,312.049,5.058,5.719,14.145
-222.725,312.299,5.079,5.703,14.233
-217.737,312.544,5.100,5.688,14.337
-212.748,312.784,5.121,5.672,14.448
-207.758,313.020,5.141,5.657,14.566
-202.766,313.252,5.162,5.641,14.692
-197.773,313.475,5.183,5.626,14.832
-192.779,313.684,5.204,5.611,14.994
-187.783,313.872,5.225,5.595,15.177
-182.787,314.032,5.246,5.580,15.381
-177.791,314.157,5.267,5.564,15.602
-172.794,314.240,5.287,5.549,15.832
-167.798,314.276,5.308,5.534,16.071
-162.801,314.269,5.321,5.522,16.320
-157.805,314.228,5.334,5.510,16.586
-152.808,314.163,5.347,5.499,16.882
-147.812,314.084,5.360,5.487,17.207
-142.816,313.999,5.374,5.475,17.563
-137.819,313.919,5.387,5.464,17.948
-132.823,313.852,5.400,5.452,18.351
-127.827,313.799,5.413,5.440,18.769
-122.830,313.760,5.427,5.429,19.203
-117.834,313.733,5.440,5.417,19.653
-112.837,313.719,5.453,5.405,20.105
-107.841,313.717,5.465,5.382,20.562
-102.845,313.727,5.476,5.354,21.023
-97.848,313.748,5.488,5.327,21.488
-92.852,313.778,5.499,5.299,21.938
-87.855,313.819,5.510,5.272,22.351
-82.859,313.869,5.522,5.244,22.726
-77.863,313.928,5.533,5.216,23.063
-72.866,313.995,5.538,5.203,23.365
-67.870,314.070,5.530,5.215,23.640
-62.874,314.152,5.523,5.226,23.887
-57.877,314.241,5.515,5.238,24.106
-52.881,314.336,5.507,5.250,24.294
-47.885,314.437,5.500,5.262,24.458
-42.889,314.542,5.492,5.274,24.600
-37.893,314.652,5.485,5.286,24.718
-32.897,314.766,5.477,5.298,24.815
-27.901,314.884,5.469,5.310,24.911
-22.905,315.005,5.462,5.322,25.010
-17.910,315.128,5.454,5.334,25.111
-12.914,315.253,5.447,5.346,25.216
-7.918,315.379,5.439,5.358,25.315
-2.923,315.506,5.431,5.370,25.407
2.073,315.633,5.424,5.382,25.491
7.068,315.761,5.416,5.394,25.566
12.063,315.889,5.408,5.406,25.642
17.058,316.017,5.401,5.418,25.723
22.053,316.144,5.393,5.430,25.803
27.049,316.271,5.395,5.425,25.883
32.044,316.398,5.398,5.419,25.961
37.039,316.525,5.401,5.413,26.028
42.034,316.650,5.404,5.407,26.083
47.029,316.775,5.406,5.401,26.128
52.024,316.899,5.409,5.395,26.152
57.019,317.022,5.412,5.389,26.159
62.015,317.144,5.414,5.383,26.149
67.010,317.265,5.417,5.377,26.124
72.005,317.384,5.420,5.371,26.082
77.001,317.502,5.422,5.365,26.006
81.996,317.618,5.425,5.359,25.898
86.992,317.733,5.428,5.353,25.766
91.988,317.845,5.430,5.347,25.609
96.984,317.956,5.433,5.342,25.435
101.980,318.064,5.436,5.336,25.243
106.976,318.170,5.438,5.330,25.034
111.972,318.274,5.441,5.324,24.808
116.969,318.375,5.444,5.318,24.566
121.965,318.474,5.447,5.312,24.305
126.962,318.570,5.449,5.306,24.027
131.960,318.663,5.452,5.300,23.732
136.957,318.753,5.455,5.294,23.426
141.954,318.847,5.457,5.288,23.127
146.952,318.951,5.460,5.282,22.835
151.949,319.072,5.463,5.276,22.551
156.946,319.216,5.465,5.270,22.273
161.942,319.390,5.468,5.264,22.000
166.938,319.601,5.471,5.258,21.726
171.932,319.842,5.473,5.252,21.448
176.924,320.069,5.476,5.246,21.165
181.910,320.229,5.479,5.240,20.896
186.889,320.271,5.481,5.234,20.642
191.858,320.141,5.275,5.276,20.399
196.816,319.788,4.770,5.385,20.165
201.760,319.160,4.870,5.764,19.922
206.677,318.222,5.107,5.644,19.661
211.535,316.969,5.184,5.620,19.395
216.300,315.397,5.278,5.390,19.142
220.940,313.503,5.415,4.869,18.902
225.419,311.286,5.394,4.994,18.654
229.705,308.741,5.299,5.415,18.409
233.764,305.866,5.194,5.745,18.179
237.573,302.674,5.058,5.831,17.968
241.117,299.191,4.923,5.918,17.765
244.384,295.445,4.831,5.965,17.563
247.359,291.463,4.987,5.785,17.360
250.030,287.274,5.126,5.618,17.158
252.383,282.903,5.100,5.569,16.968
254.420,278.379,5.258,5.463,16.795
256.192,273.730,5.798,5.237,16.624
257.755,268.985,5.818,5.269,16.436
259.169,264.171,5.748,5.347,16.224
260.492,259.318,5.677,5.425,16.007
261.783,254.452,5.606,5.503,15.778
263.098,249.604,5.536,5.580,15.527
264.472,244.787,5.465,5.658,15.253
265.895,239.998,5.394,5.736,14.956
267.353,235.227,5.324,5.814,14.642
268.832,230.469,5.321,5.786,14.316
270.321,225.716,5.320,5.755,13.977
271.804,220.959,5.318,5.724,13.625
273.268,216.192,5.317,5.693,13.259
274.709,211.413,5.316,5.662,12.879
276.130,206.622,5.315,5.632,12.486
277.534,201.823,5.314,5.601,12.089
278.925,197.016,5.313,5.570,11.685
280.307,192.206,5.312,5.539,11.278
281.683,187.393,5.310,5.508,10.868
283.056,182.580,5.309,5.478,10.459
284.430,177.768,5.308,5.447,10.054
285.809,172.961,5.307,5.416,9.663
287.197,168.160,5.306,5.385,9.288
288.597,163.367,5.305,5.354,8.928
290.012,158.585,5.304,5.323,8.583
291.446,153.816,5.302,5.293,8.251
292.900,149.058,5.301,5.262,7.927
294.358,144.291,5.315,5.228,7.619
295.800,139.488,5.331,5.193,7.329
297.201,134.622,5.347,5.158,7.053
298.408,129.706,4.979,5.338,6.784
299.031,124.819,5.131,5.458,6.517
298.657,120.050,5.026,5.548,6.245
297.032,115.480,5.179,5.491,5.964
294.400,111.179,5.603,5.055,5.663
291.097,107.210,5.663,5.036,5.346
287.456,103.636,5.261,5.420,5.029
283.661,100.428,4.985,5.677,4.724
279.746,97.466,5.039,5.803,4.433
275.735,94.623,5.329,5.637,4.159
271.648,91.821,5.627,5.462,3.896
267.495,89.058,5.863,5.360,3.644
263.285,86.342,5.789,5.625,3.405
259.025,83.678,5.714,5.891,3.184
254.725,81.074,5.791,6.021,2.982
250.392,78.536,5.919,6.107,2.804
246.036,76.072,6.047,6.192,2.653
241.661,73.678,6.175,6.277,2.527
237.267,71.340,6.246,6.425,2.421
232.855,69.043,6.307,6.583,2.318
228.424,66.775,6.368,6.741,2.221
223.975,64.520,6.484,6.775,2.127
219.509,62.265,6.688,6.614,2.042
215.021,60.014,6.891,6.452,1.963
210.497,57.833,6.978,6.509,1.884
205.919,55.799,6.982,6.724,1.810
201.271,53.987,6.608,6.898,1.742
196.555,52.400,6.221,7.069,1.677
191.789,50.968,6.175,6.923,1.617
186.996,49.616,6.298,6.619,1.563
182.189,48.291,6.421,6.314,1.518
177.372,46.985,6.460,6.201,1.476
172.547,45.694,6.452,6.195,1.434
167.717,44.414,6.444,6.188,1.381
162.882,43.140,6.436,6.182,1.320
158.047,41.867,6.428,6.176,1.249
153.212,40.593,6.420,6.170,1.168
148.379,39.314,6.412,6.163,1.080
143.548,38.031,6.404,6.157,0.985
138.718,36.744,6.396,6.151,0.891
133.889,35.454,6.389,6.145,0.802
129.062,34.161,6.381,6.138,0.715
124.236,32.866,6.373,6.132,0.628
119.410,31.568,6.365,6.126,0.542
114.585,30.268,6.357,6.120,0.467
109.761,28.967,6.349,6.113,0.408
104.938,27.665,6.341,6.107,0.360
100.114,26.362,6.333,6.101,0.323
95.291,25.059,6.325,6.095,0.297
90.467,23.756,6.317,6.088,0.282
85.644,22.453,6.309,6.082,0.278
80.820,21.151,6.301,6.076,0.281
75.996,19.849,6.293,6.070,0.278
71.172,18.548,6.285,6.063,0.266
66.347,17.247,6.278,6.057,0.250
61.523,15.946,6.270,6.051,0.234
56.698,14.646,6.262,6.045,0.218
51.873,13.346,6.254,6.038,0.201
47.048,12.047,6.246,6.032,0.176
42.223,10.748,6.238,6.026,0.149
37.398,9.449,6.230,6.020,0.121
32.572,8.150,6.222,6.013,0.090
27.747,6.852,6.214,6.007,0.060
22.921,5.554,6.206,6.001,0.032
18.095,4.256,6.198,5.995,0.012
13.269,2.958,6.190,5.988,0.000
8.444,1.660,6.182,5.982,0.002
3.618,0.363,6.174,5.976,0.010
